<?xml version="1.0" encoding="utf-8"?>
<ApplicationInstallerManifest>
   <DefaultInstallationDirectory>/Applications/p_main/</DefaultInstallationDirectory>
   <ApplicationName>p_main</ApplicationName>
   <ExecutableName>application/p_main.exe</ExecutableName>
   <GUID>38f87983-cfe6-44d4-a97d-95a205109ec6</GUID>
   <ApplicationIcon>default_icon_48.png</ApplicationIcon>
   <Logo>default_logo.png</Logo>
   <Version>1.0</Version>
   <InstallationNotes>In the following directions, replace MR/v97 by the directory on the target machine where MATLAB is installed, or MR by the directory where the MATLAB Runtime is installed.

If the environment variable DYLD_LIBRARY_PATH is undefined, set it to the following string:

MR/v97/runtime/maci64:MR/v97/sys/os/maci64:MR/v97/bin/maci64

If it is defined, set it to the following:

${DYLD_LIBRARY_PATH}:MR/v97/runtime/maci64:MR/v97/sys/os/maci64:MR/v97/bin/maci64
</InstallationNotes>
   <WelcomePanelText>p_main 1.0</WelcomePanelText>
   <MCRProducts>
      <MCRProduct>
         <ExternalProductIdentifier>35000</ExternalProductIdentifier>
      </MCRProduct>
      <MCRProduct>
         <ExternalProductIdentifier>35010</ExternalProductIdentifier>
      </MCRProduct>
      <MCRProduct>
         <ExternalProductIdentifier>35106</ExternalProductIdentifier>
      </MCRProduct>
      <MCRProduct>
         <ExternalProductIdentifier>35123</ExternalProductIdentifier>
      </MCRProduct>
      <MCRProduct>
         <ExternalProductIdentifier>35180</ExternalProductIdentifier>
      </MCRProduct>
   </MCRProducts>
</ApplicationInstallerManifest>